{
    "dc_per_class_pp_all": {
        "1": 0.7913058835235915,
        "2": 0.589932725971044,
        "3": 0.7714477777753708
    },
    "dc_per_class_pp_per_class": {
        "1": 0.7915797020649222,
        "2": 0.5676219535231298,
        "3": 0.7641025563149954
    },
    "dc_per_class_raw": {
        "1": 0.7956533701827916,
        "2": 0.5985340325359374,
        "3": 0.7825776820826257
    },
    "for_which_classes": [],
    "num_samples": 484,
    "validation_final": "cv_niftis_postprocessed",
    "validation_raw": "cv_niftis_raw"
}