{
    "dc_per_class_pp_all": {
        "1": 0.8051090755282199,
        "2": 0.6151739044714536,
        "3": 0.7861689274695727
    },
    "dc_per_class_pp_per_class": {
        "1": 0.8049386201585564,
        "2": 0.5902801095433058,
        "3": 0.7741304670899036
    },
    "dc_per_class_raw": {
        "1": 0.8100839701916279,
        "2": 0.6199433459123902,
        "3": 0.7934166025110179
    },
    "for_which_classes": [],
    "num_samples": 484,
    "validation_final": "cv_niftis_postprocessed",
    "validation_raw": "cv_niftis_raw"
}